"scss/title/account__block-content__list__current_background-color","Culoare fundal link stare activă bloc lateral"
"scss/title/account__block-content__list__current_color","Culoare link activ bloc lateral"
"scss/title/account__block-content__list_color","Culoare text link meniu bloc lateral"
"scss/title/add-to-links_color","Culoare text"
"scss/title/add-to-links_font","Font"
"scss/title/badge_font","Font"
"scss/title/badge--new_background-color","Culoare fundal ""Nou"""
"scss/title/badge--new_color","Culoare text ""Nou"""
"scss/title/badge--new_display","Afişare etichetă ""Nou"""
"scss/title/badge--sale_background-color","Culoare fundal ""Reducere"""
"scss/title/badge--sale_color","Culoare text ""Reducere"""
"scss/title/badge--sale_display","Afişare ""Reducere"""
"scss/title/block__block-title_background-color","Culoare fundal"
"scss/title/block__block-title_color","Culoare text"
"scss/title/block-layered-nav__title_color","Culoare titlu"
"scss/title/block-layered-nav__title_font","Font"
"scss/title/breadcrumbs__leaf_color","Culoare link activ"
"scss/title/breadcrumbs_color","Culoare text"
"scss/title/breadcrumbs_display","Afişare"
"scss/title/breadcrumbs_font","Font"
"scss/title/button_background-color","Culoare fundal"
"scss/title/button_color","Culoare text"
"scss/title/button-action_background-color","Culoare fundal la acţiune"
"scss/title/button-action_color","Culoare text la acţiune"
"scss/title/cart__btn-checkout_background-color","Culoare fundal"
"scss/title/cart__btn-checkout_color","Culoare text"
"scss/title/cart__cart-totals__table_background-color","Culoare fundal"
"scss/title/cart__cart-totals__table_color","Culoare text"
"scss/title/cart__cart-totals__total_color","Culoare text Total General"
"scss/title/cart__discount__button_background-color","Culoare fundal"
"scss/title/cart__discount__button_color","Culoare text"
"scss/title/cart-table__item-options_color","Culoare text"
"scss/title/cart-table__item-options_font","Font"
"scss/title/cart-table__product-image_background-color","Culoare fundal"
"scss/title/cart-table__product-name_color","Culoare text"
"scss/title/cart-table__product-name_font","Font"
"scss/title/cart-table__product-price_color","Culoare"
"scss/title/cart-table__product-price_font","Font"
"scss/title/cart-table__product-sku_display","Afişare SKU"
"scss/title/cart-table__sku-label_color","Culoare text"
"scss/title/cart-table__sku-label_font","Font"
"scss/title/cart-table_background-color","Culoare fundal"
"scss/fieldset/step_background","Culoare fundal pas finalizare comanda"
"scss/title/checkout-onepage_step_background-color","Culoare fundal"
"scss/title/checkout-onepage__buttons_background-color","Culoare fundal"
"scss/title/checkout-onepage__buttons_color","Culoare text"
"scss/title/checkout-onepage__buttons_font","Font"
"scss/title/checkout-onepage__progress-title_background-color","Culoare fundal"
"scss/title/checkout-onepage__progress-title_color","Culoare text"
"scss/title/checkout-onepage__progress-title_font","Font"
"scss/title/checkout-onepage__step-title_active_color","Culoare link activ"
"scss/title/checkout-onepage__step-title_border","Grosime border"
"scss/title/checkout-onepage__step-title_border-bottom-color","Culoare border de jos"
"scss/title/checkout-onepage__step-title_color","Culoare text"
"scss/title/checkout-onepage__step-title_font","Font"
"scss/title/color--fifth","Culoare 5"
"scss/title/color--fourth","Culoare 4"
"scss/title/color--primary","Culoare 1"
"scss/title/color--secondary","Culoare 2"
"scss/title/color--third","Culoare 3"
"scss/title/data-table__td_background-color","Culoare fundal conţinut"
"scss/title/data-table__td_color","Culoare text conţinut"
"scss/title/data-table__th_background-color","Culoare fundal header"
"scss/title/data-table__th_color","Culoare text în header"
"scss/title/data-table_border-color","Culoare border"
"scss/title/font_base","Font"
"scss/title/google_fonts","Fonturi Google"
"scss/title/header_separator-line_border-color","Culoare linie separatoare"
"scss/title/input-text_background-color","Culoare Fundal"
"scss/title/input-text_border","Border"
"scss/title/input-text_border-color","Culoare Border"
"scss/title/letter-spacing","Spaţiere litere"
"scss/title/message--error__background-color","Culoare fundal mesaj eroare"
"scss/title/message--notice_background-color","Culoare fundal mesaj notificare"
"scss/title/message--success_background-color","Culoare fundal mesaj succes"
"scss/title/mini-cart__block-content_background-color","Culoare fundal"
"scss/title/mini-cart__block-content_color","Culoare text"
"scss/title/mini-cart__link_color","Culoare link"
"scss/title/mini-cart__link--hover_color","Culoare la hover"
"scss/title/nav__button_background-color","Culoare fundal"
"scss/title/nav__button_color","Culoare text"
"scss/title/nav__button_font","Font"
"scss/title/nav--primary__level0-link_color","Culoare text"
"scss/title/nav--primary__level0-link_font","Font"
"scss/title/nav--primary__level0-link_padding","Spaţiere interioară articol"
"scss/title/nav--primary__level0-link_padding-right","Dreapta şi stânga"
"scss/title/nav--primary__level0-link_padding-top","Sus şi jos"
"scss/title/nav--primary__level0-link--hover_color","Culoare la hover"
"scss/title/nav--primary__level0-list_padding-global","General"
"scss/title/nav--primary__level0-list-separator_color","Culoare linie separatoare"
"scss/title/nav--primary__level1-link_font","Font"
"scss/title/nav--primary__level2_background-color","Culoare fundal"
"scss/title/nav--primary__level2-link_color","Culoare text"
"scss/title/nav--primary__level2-link_font","Font"
"scss/title/nav--primary__level2-link_padding","Spaţiere interioară articol"
"scss/title/nav--primary__level2-link_padding-right","Dreapta şi stânga"
"scss/title/nav--primary__level2-link_padding-top","Sus şi jos"
"scss/title/nav--primary__level3_background-color","Culoare fundal"
"scss/title/nav--primary__level3-link_color","Culoare text"
"scss/title/nav--primary__level3-link_font","Font"
"scss/title/nav--primary__level3-link_padding","Spaţiere interioară articol"
"scss/title/nav--primary__level3-link_padding-right","Dreapta şi stânga"
"scss/title/nav--primary__level3-link_padding-top","Sus şi jos"
"scss/title/nav--primary__level4_background-color","Culoare fundal"
"scss/title/nav--primary__level4-link_color","Culoare text"
"scss/title/nav--primary__level4-link_font","Font"
"scss/title/nav--primary__level4-link_padding","Spaţiere interioară articol"
"scss/title/nav--primary__level4-link_padding-right","Dreapta şi stânga"
"scss/title/nav--primary__level4-link_padding-top","Sus şi jos"
"scss/title/nav--primary__submenu_background-color","Culoare fundal"
"scss/title/nav--primary__submenu_color","Culoare text"
"scss/title/nav--primary__ul-level0-link_padding","Spaţiere interioară articol"
"scss/title/nav--primary_background-color","Culoare fundal"
"scss/title/nav--primary_border-bottom","Border jos"
"scss/title/nav--primary_border-bottom_color","Culoare border jos"
"scss/title/nav--primary_border-left","Border stânga"
"scss/title/nav--primary_border-left_color","Culoare border stânga"
"scss/title/nav--primary_border-right","Border dreapta"
"scss/title/nav--primary_border-right_color","Culoare border dreapta"
"scss/title/nav--primary_border-top","Border sus"
"scss/title/nav--primary_border-top_color","Culoare border sus"
"scss/title/page_background-color","Culoare fundal"
"scss/title/page_color","Culoare text"
"scss/title/page_size","Dimensiune pagină"
"scss/title/page-container_background-color","Culoare fundal conţinut"
"scss/title/page-footer__link--hover_color","Culoare link la hover"
"scss/title/page-footer__marketing-box--newsletter_color","Culoare text Newsletter"
"scss/title/page-footer__marketing-box--shipping_color","Culoare text stânga"
"scss/title/page-footer__marketing-box--support_color","Culoare text mijloc"
"scss/title/page-footer_background-color","Culoare fundal"
"scss/title/page-footer_color","Culoare text"
"scss/title/page-footer_link-color","Culoare link"
"scss/title/page-header_background-color","Culoare fundal"
"scss/title/page-header_color","Culoare text"
"scss/title/page-header_link_color","Culoare text"
"scss/title/page-main_background-color","Culoare fundal"
"scss/title/page-main_color","Culoare text"
"scss/title/page-subtitle_color","Culoare subtitlu"
"scss/title/page-subtitle_font","Font subtitlu"
"scss/title/page-title_color","Culoare titlu"
"scss/title/page-title_font","Font titlu"
"scss/title/preloader__cicle-1_stroke","Culoare 1"
"scss/title/preloader__cicle-2_stroke","Culoare 2"
"scss/title/product_price_font","Font"
"scss/title/product_price_list_font","Font"
"scss/title/product_title_font","Font"
"scss/title/product-category__title_color","Culoare text"
"scss/title/product-category__title_font","Font"
"scss/title/product-compare__item__product-image_background-color","Culoare fundal imagine"
"scss/title/product-view__add-to-cart__button_background-color","Culoare fundal"
"scss/title/product-view__add-to-cart__button_color","Culoare text"
"scss/title/product-view__add-to-cart__button_font","Font"
"scss/title/product-view__add-to-cart__input_display","Afişare"
"scss/title/product-view__availability__in-stock_color","Culoare text ""În stoc"""
"scss/title/product-view__availability__out-of-stock_color","Culoare text ""Stoc epuizat"""
"scss/title/product-view__availability_display","Afişare"
"scss/title/product-view__availability_font","Font"
"scss/title/product-view__price_color","Culoare"
"scss/title/product-view__product-collateral__list__item_color","Culoare text"
"scss/title/product-view__product-collateral__list__item-active_background-color","Culoare fundal stare activă"
"scss/title/product-view__product-collateral__list__item-active_color","Culoare link activ"
"scss/title/product-view__product-image_background-color","Culoare fundal"
"scss/title/product-view__product-name_color","Culoare text"
"scss/title/product-view__product-options__required_color","Culoare text"
"scss/title/product-view__product-options__required_font","Font"
"scss/title/product-view__product-shop__breadcrumbs_display","Afişare"
"scss/title/product-view__sku_display","Afişare SKU"
"scss/title/products-grid__item__characteristics_color","Culoare"
"scss/title/products-grid__item__price_color","Culoare"
"scss/title/products-grid__item__product-box_text-align","Poziție informaţii - Mod tabel"
"scss/title/products-grid__item__product-name_color","Culoare text"
"scss/title/products-grid__item__product-name_font","Font"
"scss/title/products-grid__item__tax-details_display","Afişare taxe"
"scss/title/products-grid__item-inner_background-color","Culoare fundal"
"scss/title/products-list__item__actions_margin","Margine"
"scss/title/products-list__item__actions_margin-top","Sus"
"scss/title/products-list__item__price_margin","Margine"
"scss/title/products-list__item__price_margin-bottom","Jos"
"scss/title/products-list__item__product-box_text-align","Poziție informaţii - Mod listă"
"scss/title/products-list__item__product-image_background-color","Culoare fundal"
"scss/title/products-list__item__product-name_margin","Margine"
"scss/title/products-list__item__product-name_margin-bottom","Jos"
"scss/title/products-list__product-box_text-align","Poziție informații - Mod listă"
"scss/title/input-text_border","Border"
"scss/title/input-text_border-color","Culoare Border"
"scss/title/input-text_background-color","Culoare Fundal"
"scss/description/account__block-content__list__current_background-color","Culoare fundal link activ din meniul lateral din Contul meu"
"scss/description/account__block-content__list__current_color","Culoare text link activ din meniul lateral din Contul meu"
"scss/description/account__block-content__list_color","Culoare link din meniul lateral din Contul meu"
"scss/description/add-to-links_color","Culoare text Listă de dorinţe / Comparare"
"scss/description/add-to-links_font",""
"scss/description/badge_font",""
"scss/description/badge--new_background-color","Culoare fundal etichetă ""Nou"""
"scss/description/badge--new_color","Culoare text etichetă ""Nou"""
"scss/description/badge--new_display","Mod afişare etichetă ""Nou"""
"scss/description/badge--sale_background-color","Culoare fundal etichetă ""Reducere"""
"scss/description/badge--sale_color","Culoare text etichetă ""Reducere"""
"scss/description/badge--sale_display","Mod afişare etichetă ""Reducere"""
"scss/description/block__block-title_background-color","Culoare fundal pentru titluri laterale (ex: Produse vizualizate recent, Tag-uri, PayPal, Listă de dorințe)"
"scss/description/block__block-title_color","Culoare text pentru titluri laterale (ex: Produse vizualizate recent, Tag-uri, PayPal, Listă de dorințe)"
"scss/description/block-layered-nav__title_color",""
"scss/description/block-layered-nav__title_font",""
"scss/description/breadcrumbs__leaf_color","Culoare generală cale pagină pentru pagina activă"
"scss/description/breadcrumbs_color","Culoare text cale pagină pe fiecare pagină"
"scss/description/breadcrumbs_display","Mod afişare cale pagină pe fiecare pagină"
"scss/description/breadcrumbs_font",""
"scss/description/button_background-color","Culoare fundal butone exceptând butoane de acţiune si cupon"
"scss/description/button_color","Culoare text buton"
"scss/description/button-action_background-color","Culoare fundal buton acţiune"
"scss/description/button-action_color","Culoare text buton acţiune"
"scss/description/cart__btn-checkout_background-color","Culoare fundal buton ""Continuă finalizare comandă"""
"scss/description/cart__btn-checkout_color","Culoare text buton ""Continuă finalizare comandă"""
"scss/description/cart__cart-totals__table_background-color","Culoare fundal secţiune Total"
"scss/description/cart__cart-totals__table_color","Culoarea textului din secțiunea Total"
"scss/description/cart__cart-totals__total_color","Culoarea textului din secțiunea Total General"
"scss/description/cart__discount__button_background-color","Culoare fundal buton ""Aplică cod"""
"scss/description/cart__discount__button_color","Culoare text buton ""Aplică cod"""
"scss/description/cart-table__item-options_color","Culoare text opţiuni produs"
"scss/description/cart-table__item-options_font",""
"scss/description/cart-table__product-image_background-color","Fundal imagine articol din Coş"
"scss/description/cart-table__product-name_color","Culoare nume produs"
"scss/description/cart-table__product-name_font",""
"scss/description/cart-table__product-price_color","Culoare preţ"
"scss/description/cart-table__product-price_font",""
"scss/description/cart-table__product-sku_display","Mod afişare SKU"
"scss/description/cart-table__sku-label_color","Culoare text Sku şi Etichetă"
"scss/description/cart-table__sku-label_font",""
"scss/description/cart-table_background-color","Culoare fundal articol din Coş"
"scss/description/checkout-onepage__buttons_background-color","Culoare fundal butoane din pagina Finalizare comandă"
"scss/description/checkout-onepage__buttons_color","Culoare text butoane din pagina Finalizare comandă"
"scss/description/checkout-onepage__buttons_font",""
"scss/description/checkout-onepage__progress-title_background-color","Culoare fundal titlu din secţiunea de progres a comenzii"
"scss/description/checkout-onepage__progress-title_color","Culoare titlu din secţiunea de progres a comenzii"
"scss/description/checkout-onepage__progress-title_font",""
"scss/description/checkout-onepage__step-title_active_color","Culoare titlu activ paşi comandă"
"scss/description/checkout-onepage__step-title_border-bottom-color","Culoare border sub titlu paşi comandă"
"scss/description/checkout-onepage__step-title_color","Culoare titlu paşi comandă"
"scss/description/checkout-onepage__step-title_font",""
"scss/description/color--fifth",""
"scss/description/color--fourth","Folosită pentru a creea alte culori"
"scss/description/color--primary","Folosită la textele unde culoarea nu este particular setată, fundal de butoane şi pentru a creea alte culori"
"scss/description/color--secondary","Folosită pentru fundal pagină, navigaţie nivel 1, text butoane şi pentru a creea alte culori"
"scss/description/color--third","Folosită ca imagine de fundal pentru butoane de acțiune, contor coș, disponibilitate ""în stoc"", link-uri și pentru a creea alte culori"
"scss/description/data-table__td_background-color","Culoare fundal conţinut tabele de date"
"scss/description/data-table__td_color","Culoare text conţinut tabele de date"
"scss/description/data-table__th_background-color","Culoare fundal header tabele de date"
"scss/description/data-table__th_color","Culoare text header tabele de date"
"scss/description/data-table_border-color","Culoare border tabele de date"
"scss/description/font_base","Font general, folosit in toate secţiunile (unde nu este setat particular)"
"scss/description/font-family-base","Familie font generală"
"scss/description/font-size","Mărime font generală"
"scss/description/font-style","Stil font general"
"scss/description/font-weight","Grosime font general"
"scss/description/google_fonts","Selectaţi fonturile Google pe care le doriţi să le folosiţi în site"
"scss/description/header_separator-line_border-color","Linie separatoare link-uri"
"scss/description/input-text_background-color",""
"scss/description/input-text_border",""
"scss/description/input-text_border-color",""
"scss/description/letter-spacing",""
"scss/description/line-height","Înălţime linie font"
"scss/description/message--error__background-color","Culoare fundal mesaj eroare"
"scss/description/message--notice_background-color","Culoare fundal mesaj notificare"
"scss/description/message--success_background-color","Culoare fundal mesaj succes"
"scss/description/mini-cart__block-content_background-color","Culoare fundal bloc Mini-Coş"
"scss/description/mini-cart__block-content_color","Culoare text bloc Mini-Coş"
"scss/description/mini-cart__link_color","Culoare link Mini-Coş"
"scss/description/mini-cart__link--hover_color","Culoare link Coş la hover"
"scss/description/nav__button_background-color","Culoare fundal buton meniu"
"scss/description/nav__button_color","Culoare text buton meniu"
"scss/description/nav__button_font",""
"scss/description/nav--primary__level0-link_color","Culoare text nivel 1"
"scss/description/nav--primary__level0-link_font",""
"scss/description/nav--primary__level0-link_padding","Link padding (spaţiu din interiorul meniului)"
"scss/description/nav--primary__level0-link_padding-right",""
"scss/description/nav--primary__level0-link_padding-top",""
"scss/description/nav--primary__level0-link--hover_color","Culoare text nivel 1 la hover"
"scss/description/nav--primary__level0-list_padding-global",""
"scss/description/nav--primary__level0-list-separator_color","Culoare linie separatoare între link-uri din meniu"
"scss/description/nav--primary__level1-link_font",""
"scss/description/nav--primary__level2_background-color","Culoare fundal meniu nivel 3"
"scss/description/nav--primary__level2-link_color","Culoare text meniu nivel 3"
"scss/description/nav--primary__level2-link_font",""
"scss/description/nav--primary__level2-link_padding",""
"scss/description/nav--primary__level2-link_padding-right",""
"scss/description/nav--primary__level2-link_padding-top","Meniu nivel 2 padding articol"
"scss/description/nav--primary__level3_background-color","Culoare fundal meniu nivel 4"
"scss/description/nav--primary__level3-link_color","Culoare text meniu nivel 4"
"scss/description/nav--primary__level3-link_font",""
"scss/description/nav--primary__level3-link_padding",""
"scss/description/nav--primary__level3-link_padding-right",""
"scss/description/nav--primary__level3-link_padding-top",""
"scss/description/nav--primary__level4_background-color","Culoare fundal meniu nivel 5"
"scss/description/nav--primary__level4-link_color","Culoare text meniu nivel 5"
"scss/description/nav--primary__level4-link_font",""
"scss/description/nav--primary__level4-link_padding",""
"scss/description/nav--primary__level4-link_padding-right",""
"scss/description/nav--primary__level4-link_padding-top",""
"scss/description/nav--primary__submenu_background-color","Culoare fundal meniu nivel 2"
"scss/description/nav--primary__submenu_color","Culoare text meniu nivel 2"
"scss/description/nav--primary__ul-level0-link_padding","Spaţiu link (spaţiu din interiorul meniului)"
"scss/description/nav--primary_background-color","Culoare fundal meniu nivel 1"
"scss/description/page_background-color","Culoare fundal pentru fiecare pagină"
"scss/description/page_color","Culoare text pentru fiecare pagină (unde nu este setată particular)"
"scss/description/page_size",""
"scss/description/page-container_background-color","Culoare fundal conţinut pentru fiecare pagină"
"scss/description/page-footer__link--hover_color","Culoare link footer la hover"
"scss/description/page-footer__marketing-box--newsletter_color","Culoare text footer în secţiunea Newsletter"
"scss/description/page-footer__marketing-box--shipping_color","Culoare text footer în secţiunea din stânga"
"scss/description/page-footer__marketing-box--support_color","Culoare text footer în secţiunea din mijloc"
"scss/description/page-footer_background-color",""
"scss/description/page-footer_color","Culoare text în footer"
"scss/description/page-footer_link-color","Culoare link în footer"
"scss/description/page-header_background-color","Culoare fundal header"
"scss/description/page-header_color","Culoare text în header precum link activ şi link la hover"
"scss/description/page-header_link_color","Culoare link în header exceptând Coş şi link activ"
"scss/description/page-main_background-color","Culoare fundal conţinut exceptând header şi footer"
"scss/description/page-main_color","Culoare text conţinut (unde nu este setată particular)"
"scss/description/page-subtitle_color","Culoare text pentru Produse asemănătoare, Cele mai vândute"
"scss/description/page-subtitle_font",""
"scss/description/page-title_color","Culoare titlu pagină cum ar fi: Finalizare comandă, Coş, Detalii produs, Comparare, Autentificare, Înregistrare, Pagină succes"
"scss/description/page-title_font",""
"scss/description/preloader__cicle-1_stroke","Culoare cerc 1 animaţie încărcare pagină"
"scss/description/preloader__cicle-2_stroke","Culoare cerc 2 animaţie încărcare pagină"
"scss/description/product_price_font",""
"scss/description/product_price_list_font",""
"scss/description/product_title_font",""
"scss/description/product-category__title_color","Culoare text pagină de categorie & rezultate căutare"
"scss/description/product-category__title_font",""
"scss/description/product-compare__item__product-image_background-color","Fundal imagine articol din lista de Comparare"
"scss/description/product-view__add-to-cart__button_background-color","Culoare fundal pentru buton ""Adaugă in Coş"""
"scss/description/product-view__add-to-cart__button_color","Culoare text pentru buton ""Adaugă in Coş"""
"scss/description/product-view__add-to-cart__button_font",""
"scss/description/product-view__add-to-cart__input_display","Mod afişare input cantitate"
"scss/description/product-view__availability__in-stock_color","Culoare text ""În stoc"""
"scss/description/product-view__availability__out-of-stock_color","Culoare text ""Stoc epuizat"""
"scss/description/product-view__availability_display","Mod afişare text Disponibilitate"
"scss/description/product-view__availability_font",""
"scss/description/product-view__price_color",""
"scss/description/product-view__product-collateral__list__item_color","Culoare text taburi"
"scss/description/product-view__product-collateral__list__item-active_background-color","Culoare fundal tab activ"
"scss/description/product-view__product-collateral__list__item-active_color","Culoare text taburi active"
"scss/description/product-view__product-image_background-color",""
"scss/description/product-view__product-name_color","Culoare nume produs"
"scss/description/product-view__product-options__required_color","Culoare text SKU şi Etichetă (exceptând produsele simple)"
"scss/description/product-view__product-options__required_font",""
"scss/description/product-view__product-shop__breadcrumbs_display","Mod afişare cale pagină"
"scss/description/product-view__sku_display","Mod afişare SKU"
"scss/description/products-grid__item__characteristics_color","Culoare text taxe din listare produse"
"scss/description/products-grid__item__price_color","Culoare preţ din listare produse"
"scss/description/products-grid__item__product-box_text-align",""
"scss/description/products-grid__item__product-name_color","Culoare nume produs"
"scss/description/products-grid__item__product-name_font",""
"scss/description/products-grid__item__tax-details_display","Mod afişare taxe"
"scss/description/products-grid__item-inner_background-color","Culoare fundal pentru fiecare produs din listare"
"scss/description/products-list__item__actions_margin",""
"scss/description/products-list__item__actions_margin-top","Spaţiu deasupra butoanelor de acţiune"
"scss/description/products-list__item__price_margin",""
"scss/description/products-list__item__price_margin-bottom","Spaţiu sub preţ produs"
"scss/description/products-list__item__product-box_text-align",""
"scss/description/products-list__item__product-image_background-color","Culoare fundal imagine pentru fiecare produs din listare"
"scss/description/products-list__item__product-name_margin",""
"scss/description/products-list__item__product-name_margin-bottom","Spaţiu sub nume produs"
"scss/description/products-list__product-box_text-align",""
"scss/description/input-text_border",""
"scss/description/input-text_border-color",""
"scss/description/input-text_background-color",""
"scss/description_auto/account__block-content__list__current_background-color","4% mai închis din Culoare 2"
"scss/description_auto/account__block-content__list__current_color","Culoare 1"
"scss/description_auto/account__block-content__list_color","35% transparenţă din Culoare 1"
"scss/description_auto/add-to-links_color","Culoare 1"
"scss/description_auto/add-to-links_font",""
"scss/description_auto/add-to-links_font-size","12px"
"scss/description_auto/add-to-links_text-transform","niciuna"
"scss/description_auto/badge_font",""
"scss/description_auto/badge_font-size","13px"
"scss/description_auto/badge_font-weight","700"
"scss/description_auto/badge_text-transform","majuscule"
"scss/description_auto/badge--new_background-color","16% mai deschis din Culoare 3"
"scss/description_auto/badge--new_color","Culoare 2"
"scss/description_auto/badge--new_display","block"
"scss/description_auto/badge--sale_background-color","2% mai închis din Culoare 4"
"scss/description_auto/badge--sale_color","Culoare 2"
"scss/description_auto/badge--sale_display","block"
"scss/description_auto/block__block-title_background-color","4% mai închis din Culoare 2"
"scss/description_auto/block__block-title_color","Culoare 1"
"scss/description_auto/block-layered-nav__title_color","Culoare 1"
"scss/description_auto/block-layered-nav__title_font",""
"scss/description_auto/block-layered-nav__title_font-size","22px"
"scss/description_auto/block-layered-nav__title_font-weight","400"
"scss/description_auto/breadcrumbs__leaf_color","18% mai deschis din Culoare 1"
"scss/description_auto/breadcrumbs_color","4% mai deschis din Culoare 1"
"scss/description_auto/breadcrumbs_display","block"
"scss/description_auto/breadcrumbs_font",""
"scss/description_auto/breadcrumbs_font-size","13px"
"scss/description_auto/breadcrumbs_font-weight","400"
"scss/description_auto/breadcrumbs_text-transform","niciuna"
"scss/description_auto/button_background-color","Culoare 1"
"scss/description_auto/button_color","Culoare 2"
"scss/description_auto/button-action_background-color","Culoare 3"
"scss/description_auto/button-action_color","Culoare 2"
"scss/description_auto/cart__btn-checkout_background-color","Butoane > Culoare fundal buton acţiune"
"scss/description_auto/cart__btn-checkout_color","Butoane > Culoare text buton acţiune"
"scss/description_auto/cart__cart-totals__table_background-color","4% mai închis din Culoare 2"
"scss/description_auto/cart__cart-totals__table_color","Culoare 1"
"scss/description_auto/cart__cart-totals__total_color","35% opacitate din Culoare 1"
"scss/description_auto/cart__discount__button_background-color","2% mai închis din Culoare 4"
"scss/description_auto/cart__discount__button_color","Culoare 2"
"scss/description_auto/cart-table__item-options_color","Culoare 1"
"scss/description_auto/cart-table__item-options_font",""
"scss/description_auto/cart-table__item-options_font-size","13px"
"scss/description_auto/cart-table__product-image_background-color","Alb"
"scss/description_auto/cart-table__product-name_color","Culoare 1"
"scss/description_auto/cart-table__product-name_font",""
"scss/description_auto/cart-table__product-name_font-size","13px"
"scss/description_auto/cart-table__product-name_font-weight","400"
"scss/description_auto/cart-table__product-price_color","4% mai închis din Culoare 2"
"scss/description_auto/cart-table__product-price_font",""
"scss/description_auto/cart-table__product-price_font-size","13px"
"scss/description_auto/cart-table__product-price_font-weight","400"
"scss/description_auto/cart-table__product-sku_display","block"
"scss/description_auto/cart-table__sku-label_color","35% transparenţă din Culoare 1"
"scss/description_auto/cart-table__sku-label_font",""
"scss/description_auto/cart-table__sku-label_font-size","13px"
"scss/description_auto/cart-table_background-color","4% mai închis din Culoare 2"
"scss/description_auto/checkout-onepage__buttons_background-color","Culoare 3"
"scss/description_auto/checkout-onepage__buttons_color","Culoare 2"
"scss/description_auto/checkout-onepage__buttons_font",""
"scss/description_auto/checkout-onepage__buttons_font-size","13px"
"scss/description_auto/checkout-onepage__buttons_font-weight","700"
"scss/description_auto/checkout-onepage__buttons_text-transform","majuscule"
"scss/description_auto/checkout-onepage__progress-title_background-color","4% mai închis din Culoare 2"
"scss/description_auto/checkout-onepage__progress-title_color","35% transparenţă din Culoare 1"
"scss/description_auto/checkout-onepage__progress-title_font",""
"scss/description_auto/checkout-onepage__progress-title_font-size","13px"
"scss/description_auto/checkout-onepage__progress-title_font-weight","400"
"scss/description_auto/checkout-onepage__progress-title_text-transform","majuscule"
"scss/description_auto/checkout-onepage__step-title_active_color","Culoare 1"
"scss/description_auto/checkout-onepage__step-title_border-bottom-color","10% mai închis din Culoare fundal conţinut"
"scss/description_auto/checkout-onepage__step-title_color","35% transparenţă din Culoare 1"
"scss/description_auto/checkout-onepage__step-title_font",""
"scss/description_auto/checkout-onepage__step-title_font-size","13px"
"scss/description_auto/checkout-onepage__step-title_font-weight","400"
"scss/description_auto/checkout-onepage__step-title_text-transform","majuscule"
"scss/description_auto/color--fifth",""
"scss/description_auto/color--fourth",""
"scss/description_auto/color--primary",""
"scss/description_auto/color--secondary",""
"scss/description_auto/color--third",""
"scss/description_auto/data-table__td_background-color","Culoare 2"
"scss/description_auto/data-table__td_color","Culoare 1"
"scss/description_auto/data-table__th_background-color","4% mai închis din Culoare 2"
"scss/description_auto/data-table__th_color","Culoare 1"
"scss/description_auto/data-table_border-color","4% mai închis din Culoare 2"
"scss/description_auto/font_base",""
"scss/description_auto/font-family-base","'Roboto', Arial, sans-serif"
"scss/description_auto/font-size","13px"
"scss/description_auto/font-style","normal"
"scss/description_auto/font-weight","400"
"scss/description_auto/google_fonts",""
"scss/description_auto/header_separator-line_border-color","8% mai închis din Culoare fundal header"
"scss/description_auto/input-text_background-color",""
"scss/description_auto/input-text_border",""
"scss/description_auto/input-text_border-color",""
"scss/description_auto/letter-spacing",""
"scss/description_auto/line-height","17px"
"scss/description_auto/message--error__background-color",""
"scss/description_auto/message--notice_background-color",""
"scss/description_auto/message--success_background-color",""
"scss/description_auto/mini-cart__block-content_background-color","36% mai deschis din Culoare 4"
"scss/description_auto/mini-cart__block-content_color","Culoare 1"
"scss/description_auto/mini-cart__link_color","Header > Culoare text"
"scss/description_auto/mini-cart__link--hover_color","36% mai deschis din Culoare 4"
"scss/description_auto/nav__button_background-color","18% mai deschis din Culoare 1"
"scss/description_auto/nav__button_color","Culoare 2"
"scss/description_auto/nav__button_font",""
"scss/description_auto/nav__button_font-size","15px"
"scss/description_auto/nav__button_font-weight","700"
"scss/description_auto/nav__button_text-transform","majuscule"
"scss/description_auto/nav--primary__level0-link_color","Culoare 2"
"scss/description_auto/nav--primary__level0-link_font",""
"scss/description_auto/nav--primary__level0-link_font-size","15px"
"scss/description_auto/nav--primary__level0-link_font-weight","900"
"scss/description_auto/nav--primary__level0-link_line-height","113% din mărimea fontului"
"scss/description_auto/nav--primary__level0-link_padding",""
"scss/description_auto/nav--primary__level0-link_padding-right","10px"
"scss/description_auto/nav--primary__level0-link_padding-top","10px"
"scss/description_auto/nav--primary__level0-link_text-transform","majuscule"
"scss/description_auto/nav--primary__level0-link--hover_color","36% mai deschis din Culoare 4"
"scss/description_auto/nav--primary__level0-list_padding-global",""
"scss/description_auto/nav--primary__level0-list-separator_color","Culoare fundal meniu nivel 1"
"scss/description_auto/nav--primary__level1-link_font",""
"scss/description_auto/nav--primary__level1-link_font-size","12px"
"scss/description_auto/nav--primary__level1-link_font-weight","700"
"scss/description_auto/nav--primary__level1-link_line-height","113% din mărime font Menu level 2"
"scss/description_auto/nav--primary__level1-link_text-transform","majuscule"
"scss/description_auto/nav--primary__level2_background-color","Meniu nivel 2 > Culoare fundal"
"scss/description_auto/nav--primary__level2-link_color","Meniu nivel 2 > Culoare text"
"scss/description_auto/nav--primary__level2-link_font",""
"scss/description_auto/nav--primary__level2-link_font-size","Meniu nivel 2 mărime font"
"scss/description_auto/nav--primary__level2-link_font-weight","Meniu nivel 2 grosime font"
"scss/description_auto/nav--primary__level2-link_padding",""
"scss/description_auto/nav--primary__level2-link_padding-right",""
"scss/description_auto/nav--primary__level2-link_padding-top",""
"scss/description_auto/nav--primary__level2-link_text-transform","Meniu nivel 2 transformare text"
"scss/description_auto/nav--primary__level3_background-color","Meniu nivel 3 > Culoare fundal"
"scss/description_auto/nav--primary__level3-link_color","Meniu nivel 3 > Culoare text"
"scss/description_auto/nav--primary__level3-link_font",""
"scss/description_auto/nav--primary__level3-link_font-size","Meniu nivel 3 mărime font"
"scss/description_auto/nav--primary__level3-link_font-weight","Meniu nivel 3 grosime font"
"scss/description_auto/nav--primary__level3-link_padding",""
"scss/description_auto/nav--primary__level3-link_padding-right",""
"scss/description_auto/nav--primary__level3-link_padding-top",""
"scss/description_auto/nav--primary__level3-link_text-transform","Meniu nivel 3 transformare text"
"scss/description_auto/nav--primary__level4_background-color","Meniu nivel 4 > Culoare fundal"
"scss/description_auto/nav--primary__level4-link_color","Meniu nivel 4 > Culoare text"
"scss/description_auto/nav--primary__level4-link_font",""
"scss/description_auto/nav--primary__level4-link_font-size","Meniu nivel 4 > Mărime font"
"scss/description_auto/nav--primary__level4-link_font-weight","Meniu nivel 4 > Grosime font"
"scss/description_auto/nav--primary__level4-link_padding",""
"scss/description_auto/nav--primary__level4-link_padding-right",""
"scss/description_auto/nav--primary__level4-link_padding-top",""
"scss/description_auto/nav--primary__level4-link_text-transform","Meniu nivel 3 > Transformare text"
"scss/description_auto/nav--primary__submenu_background-color","36% mai deschis din Culoare 4"
"scss/description_auto/nav--primary__submenu_color","18% mai deschis din Culoare 1"
"scss/description_auto/nav--primary__ul-level0-link_padding",""
"scss/description_auto/nav--primary_background-color","18% mai deschis din Culoare 1"
"scss/description_auto/page_background-color","Culoare 2"
"scss/description_auto/page_color","Culoare 1"
"scss/description_auto/page_size",""
"scss/description_auto/page-container_background-color","Culoare 2"
"scss/description_auto/page-footer__link--hover_color","35% transparenţa din Culoare 1"
"scss/description_auto/page-footer__marketing-box--newsletter_color","Culoare 1"
"scss/description_auto/page-footer__marketing-box--shipping_color","Culoare 1"
"scss/description_auto/page-footer__marketing-box--support_color","Culoare 1"
"scss/description_auto/page-footer_background-color","Pagină > Culoare fundal conţinut"
"scss/description_auto/page-footer_color","Pagină > Culoare text conţinut"
"scss/description_auto/page-footer_link-color","35% transparenţa din Culoare 1"
"scss/description_auto/page-header_background-color","Pagină > Culoare fundal conţinut"
"scss/description_auto/page-header_color","Pagină > Culoare text conţinut"
"scss/description_auto/page-header_link_color","35% mai închis din Culoare 2"
"scss/description_auto/page-main_background-color","Culoare 2"
"scss/description_auto/page-main_color","Culoare 1"
"scss/description_auto/page-subtitle_color","15% transparenţă din Culoare 1"
"scss/description_auto/page-subtitle_font",""
"scss/description_auto/page-subtitle_font-size","42px"
"scss/description_auto/page-title_color","Culoare 1"
"scss/description_auto/page-title_font",""
"scss/description_auto/page-title_font-size","42px"
"scss/description_auto/preloader__cicle-1_stroke","Culoare 4"
"scss/description_auto/preloader__cicle-2_stroke","Culoare 3"
"scss/description_auto/product_price_font",""
"scss/description_auto/product_price_list_font",""
"scss/description_auto/product_title_font",""
"scss/description_auto/product-category__title_color","20% mai deschis din Culoare 2"
"scss/description_auto/product-category__title_font",""
"scss/description_auto/product-category__title_font-family","Pagină titlu > Familie font"
"scss/description_auto/product-category__title_font-size","Pagină titlu > Mărime font"
"scss/description_auto/product-category__title_font-style","Pagină titlu > Stil font"
"scss/description_auto/product-category__title_font-weight","Pagină titlu > Grosime font"
"scss/description_auto/product-compare__item__product-image_background-color","Alb"
"scss/description_auto/product-view__add-to-cart__button_background-color","Butoane > Culoare fundal buton acţiune"
"scss/description_auto/product-view__add-to-cart__button_color","Butoane > Culoare fundal buton acţiune"
"scss/description_auto/product-view__add-to-cart__button_font",""
"scss/description_auto/product-view__add-to-cart__button_font-size","16px"
"scss/description_auto/product-view__add-to-cart__button_font-weight","700"
"scss/description_auto/product-view__add-to-cart__button_text-transform","majuscule"
"scss/description_auto/product-view__add-to-cart__input_display","block"
"scss/description_auto/product-view__availability__font-size","14px"
"scss/description_auto/product-view__availability__font-weight","700"
"scss/description_auto/product-view__availability__in-stock_color","Culoare 3"
"scss/description_auto/product-view__availability__out-of-stock_color","Culoare 1"
"scss/description_auto/product-view__availability_display","block"
"scss/description_auto/product-view__availability_font",""
"scss/description_auto/product-view__availability_text-transform","majuscule"
"scss/description_auto/product-view__price_color","Culoare 1"
"scss/description_auto/product-view__price_font-family","Roboto', Arial, sans-serif"
"scss/description_auto/product-view__price_font-size","40px"
"scss/description_auto/product-view__price_font-style","normal"
"scss/description_auto/product-view__price_font-weight","400"
"scss/description_auto/product-view__price_line-height","17px"
"scss/description_auto/product-view__product-collateral__list__item_color","35% transparenţă din Culoare 1"
"scss/description_auto/product-view__product-collateral__list__item-active_background-color","4% mai închis din Culoare 2"
"scss/description_auto/product-view__product-collateral__list__item-active_color","Culoare 1"
"scss/description_auto/product-view__product-image_background-color","Alb"
"scss/description_auto/product-view__product-name_color","Pagină titlu > Culoare text"
"scss/description_auto/product-view__product-name_font-family","Titlu > Familie font"
"scss/description_auto/product-view__product-name_font-size","Pagină titlu > Mărime font"
"scss/description_auto/product-view__product-name_font-style","Pagină titlu > Stil font"
"scss/description_auto/product-view__product-name_font-weight","Pagină titlu > Grosime font"
"scss/description_auto/product-view__product-name_line-height","Pagină titlu > Înălţime font"
"scss/description_auto/product-view__product-name_text-transform","Pagină titlu > Transformare text"
"scss/description_auto/product-view__product-options__required_color","35% transparenţă din Culoare 1"
"scss/description_auto/product-view__product-options__required_font",""
"scss/description_auto/product-view__product-options__required_font-size","13px"
"scss/description_auto/product-view__product-options__required_text-transform","majuscule"
"scss/description_auto/product-view__product-shop__breadcrumbs_display","block"
"scss/description_auto/product-view__sku_display","block"
"scss/description_auto/products-grid__item__characteristics_color","35% transparenţă din Culoare 1"
"scss/description_auto/products-grid__item__price_color","Culoare 1"
"scss/description_auto/products-grid__item__price_font-family","Roboto', Arial, sans-serif"
"scss/description_auto/products-grid__item__price_font-size","13px"
"scss/description_auto/products-grid__item__price_font-style","normal"
"scss/description_auto/products-grid__item__price_font-weight","400"
"scss/description_auto/products-grid__item__price_line-height","17px"
"scss/description_auto/products-grid__item__product-box_text-align",""
"scss/description_auto/products-grid__item__product-name_color","Culoare 1"
"scss/description_auto/products-grid__item__product-name_font",""
"scss/description_auto/products-grid__item__product-name_font-family","Roboto', Arial, sans-serif"
"scss/description_auto/products-grid__item__product-name_font-size","16px"
"scss/description_auto/products-grid__item__product-name_font-style","niciuna"
"scss/description_auto/products-grid__item__product-name_font-weight","900"
"scss/description_auto/products-grid__item__product-name_line-height","125% din mărime font"
"scss/description_auto/products-grid__item__product-name_text-transform","majuscule"
"scss/description_auto/products-grid__item__tax-details_display","block"
"scss/description_auto/products-grid__item-inner_background-color","4% mai închis din Culoare 2"
"scss/description_auto/products-list__item__actions_margin",""
"scss/description_auto/products-list__item__actions_margin-top","20px"
"scss/description_auto/products-list__item__price_margin",""
"scss/description_auto/products-list__item__price_margin-bottom","15px"
"scss/description_auto/products-list__item__product-box_text-align",""
"scss/description_auto/products-list__item__product-image_background-color","Alb"
"scss/description_auto/products-list__item__product-name_margin",""
"scss/description_auto/products-list__item__product-name_margin-bottom","0 pixeli"
"scss/description_auto/products-list__product-box_text-align",""
"scss/description_auto/input-text_border",""
"scss/description_auto/input-text_border-color",""
"scss/description_auto/input-text_background-color",""
"scss/help/account__block-content__list__current_background-color","http://www.w3.org/wiki/CSS/Properties/color"
"scss/help/account__block-content__list__current_color","http://www.w3.org/wiki/CSS/Properties/color"
"scss/help/account__block-content__list_color","http://www.w3.org/wiki/CSS/Properties/color"
"scss/help/add-to-links_color","http://www.w3.org/wiki/CSS/Properties/color"
"scss/help/add-to-links_font",""
"scss/help/add-to-links_font-size","http://www.w3.org/wiki/CSS/Properties/font-size"
"scss/help/add-to-links_text-transform","http://www.w3.org/wiki/CSS/Properties/text-transform"
"scss/help/badge_font","Font insigne"
"scss/help/badge_font-size","http://www.w3.org/wiki/CSS/Properties/font-size"
"scss/help/badge_font-weight","http://www.w3.org/wiki/CSS/Properties/font-size"
"scss/help/badge_text-transform","http://www.w3.org/wiki/CSS/Properties/text-transform"
"scss/help/badge--new_background-color","http://www.w3.org/wiki/CSS/Properties/color"
"scss/help/badge--new_color","http://www.w3.org/wiki/CSS/Properties/color"
"scss/help/badge--new_display","http://www.w3.org/wiki/CSS/Properties/display"
"scss/help/badge--sale_background-color","http://www.w3.org/wiki/CSS/Properties/color"
"scss/help/badge--sale_color","http://www.w3.org/wiki/CSS/Properties/color"
"scss/help/badge--sale_display","http://www.w3.org/wiki/CSS/Properties/display"
"scss/help/block__block-title_background-color","http://www.w3.org/wiki/CSS/Properties/color"
"scss/help/block__block-title_color","http://www.w3.org/wiki/CSS/Properties/color"
"scss/help/block-layered-nav__title_color","http://www.w3.org/wiki/CSS/Properties/color"
"scss/help/block-layered-nav__title_font",""
"scss/help/block-layered-nav__title_font-size","http://www.w3.org/wiki/CSS/Properties/font-size"
"scss/help/block-layered-nav__title_font-weight","http://www.w3.org/wiki/CSS/Properties/font-weight"
"scss/help/breadcrumbs__leaf_color","http://www.w3.org/wiki/CSS/Properties/color"
"scss/help/breadcrumbs_color","http://www.w3.org/wiki/CSS/Properties/color"
"scss/help/breadcrumbs_display","http://www.w3.org/wiki/CSS/Properties/display"
"scss/help/breadcrumbs_font",""
"scss/help/breadcrumbs_font-size","http://www.w3.org/wiki/CSS/Properties/font-size"
"scss/help/breadcrumbs_font-weight","http://www.w3.org/wiki/CSS/Properties/font-size"
"scss/help/breadcrumbs_text-transform","http://www.w3.org/wiki/CSS/Properties/text-transform"
"scss/help/button_background-color","http://www.w3.org/wiki/CSS/Properties/color"
"scss/help/button_color","http://www.w3.org/wiki/CSS/Properties/color"
"scss/help/button-action_background-color","http://www.w3.org/wiki/CSS/Properties/color"
"scss/help/button-action_color","http://www.w3.org/wiki/CSS/Properties/color"
"scss/help/cart__btn-checkout_background-color","http://www.w3.org/wiki/CSS/Properties/color"
"scss/help/cart__btn-checkout_color","http://www.w3.org/wiki/CSS/Properties/color"
"scss/help/cart__cart-totals__table_background-color","http://www.w3.org/wiki/CSS/Properties/color"
"scss/help/cart__cart-totals__table_color","http://www.w3.org/wiki/CSS/Properties/color"
"scss/help/cart__cart-totals__total_color","http://www.w3.org/wiki/CSS/Properties/color"
"scss/help/cart__discount__button_background-color","http://www.w3.org/wiki/CSS/Properties/color"
"scss/help/cart__discount__button_color","http://www.w3.org/wiki/CSS/Properties/color"
"scss/help/cart-table__item-options_color","http://www.w3.org/wiki/CSS/Properties/color"
"scss/help/cart-table__item-options_font",""
"scss/help/cart-table__item-options_font-size","http://www.w3.org/wiki/CSS/Properties/font-size"
"scss/help/cart-table__product-image_background-color","http://www.w3.org/wiki/CSS/Properties/color"
"scss/help/cart-table__product-name_color","http://www.w3.org/wiki/CSS/Properties/color"
"scss/help/cart-table__product-name_font",""
"scss/help/cart-table__product-name_font-size","http://www.w3.org/wiki/CSS/Properties/font-size"
"scss/help/cart-table__product-name_font-weight","http://www.w3.org/wiki/CSS/Properties/font-size"
"scss/help/cart-table__product-price_color","http://www.w3.org/wiki/CSS/Properties/color"
"scss/help/cart-table__product-price_font",""
"scss/help/cart-table__product-price_font-size","http://www.w3.org/wiki/CSS/Properties/font-size"
"scss/help/cart-table__product-price_font-weight","http://www.w3.org/wiki/CSS/Properties/font-size"
"scss/help/cart-table__product-sku_display","http://www.w3.org/wiki/CSS/Properties/display"
"scss/help/cart-table__sku-label_color","http://www.w3.org/wiki/CSS/Properties/color"
"scss/help/cart-table__sku-label_font",""
"scss/help/cart-table__sku-label_font-size","http://www.w3.org/wiki/CSS/Properties/font-size"
"scss/help/cart-table_background-color","http://www.w3.org/wiki/CSS/Properties/color"
"scss/help/checkout-onepage__buttons_background-color","http://www.w3.org/wiki/CSS/Properties/color"
"scss/help/checkout-onepage__buttons_color","http://www.w3.org/wiki/CSS/Properties/color"
"scss/help/checkout-onepage__buttons_font",""
"scss/help/checkout-onepage__buttons_font-size","http://www.w3.org/wiki/CSS/Properties/font-size"
"scss/help/checkout-onepage__buttons_font-weight","http://www.w3.org/wiki/CSS/Properties/font-size"
"scss/help/checkout-onepage__buttons_text-transform","http://www.w3.org/wiki/CSS/Properties/text-transform"
"scss/help/checkout-onepage__progress-title_background-color","http://www.w3.org/wiki/CSS/Properties/color"
"scss/help/checkout-onepage__progress-title_color","http://www.w3.org/wiki/CSS/Properties/color"
"scss/help/checkout-onepage__progress-title_font",""
"scss/help/checkout-onepage__progress-title_font-size","http://www.w3.org/wiki/CSS/Properties/font-size"
"scss/help/checkout-onepage__progress-title_font-weight","http://www.w3.org/wiki/CSS/Properties/font-size"
"scss/help/checkout-onepage__progress-title_text-transform","http://www.w3.org/wiki/CSS/Properties/text-transform"
"scss/help/checkout-onepage__step-title_active_color","http://www.w3.org/wiki/CSS/Properties/color"
"scss/help/checkout-onepage__step-title_border-bottom-color","http://www.w3.org/wiki/CSS/Properties/color"
"scss/help/checkout-onepage__step-title_color","http://www.w3.org/wiki/CSS/Properties/color"
"scss/help/checkout-onepage__step-title_font",""
"scss/help/checkout-onepage__step-title_font-size","http://www.w3.org/wiki/CSS/Properties/font-size"
"scss/help/checkout-onepage__step-title_font-weight","http://www.w3.org/wiki/CSS/Properties/font-size"
"scss/help/checkout-onepage__step-title_text-transform","http://www.w3.org/wiki/CSS/Properties/text-transform"
"scss/help/color--fifth","http://www.w3.org/wiki/CSS/Properties/color"
"scss/help/color--fourth","http://www.w3.org/wiki/CSS/Properties/color"
"scss/help/color--primary","http://www.w3.org/wiki/CSS/Properties/color"
"scss/help/color--secondary","http://www.w3.org/wiki/CSS/Properties/color"
"scss/help/color--third","http://www.w3.org/wiki/CSS/Properties/color"
"scss/help/data-table__td_background-color","http://www.w3.org/wiki/CSS/Properties/color"
"scss/help/data-table__td_color","http://www.w3.org/wiki/CSS/Properties/color"
"scss/help/data-table__th_background-color","http://www.w3.org/wiki/CSS/Properties/color"
"scss/help/data-table__th_color","http://www.w3.org/wiki/CSS/Properties/color"
"scss/help/data-table_border-color","http://www.w3.org/wiki/CSS/Properties/color"
"scss/help/font_base",""
"scss/help/font-family-base","http://www.w3.org/wiki/CSS/Properties/font-family"
"scss/help/font-size","http://www.w3.org/wiki/CSS/Properties/font-size"
"scss/help/font-style","http://www.w3.org/wiki/CSS/Properties/font-style"
"scss/help/font-weight","http://www.w3.org/wiki/CSS/Properties/font-weight"
"scss/help/google_fonts","https://developers.google.com/fonts/"
"scss/help/header_separator-line_border-color","http://www.w3.org/wiki/CSS/Properties/color"
"scss/help/input-text_background-color","http://www.w3.org/wiki/CSS/Properties/text-align"
"scss/help/input-text_border",""
"scss/help/input-text_border-color","http://www.w3.org/wiki/CSS/Properties/border-color"
"scss/help/letter-spacing",""
"scss/help/line-height","http://www.w3.org/wiki/CSS/Properties/line-height"
"scss/help/message--error__background-color","http://www.w3.org/wiki/CSS/Properties/color"
"scss/help/message--notice_background-color","http://www.w3.org/wiki/CSS/Properties/color"
"scss/help/message--success_background-color","http://www.w3.org/wiki/CSS/Properties/color"
"scss/help/mini-cart__block-content_background-color","http://www.w3.org/wiki/CSS/Properties/color"
"scss/help/mini-cart__block-content_color","http://www.w3.org/wiki/CSS/Properties/color"
"scss/help/mini-cart__link_color","http://www.w3.org/wiki/CSS/Properties/color"
"scss/help/mini-cart__link--hover_color","http://www.w3.org/wiki/CSS/Properties/color"
"scss/help/nav__button_background-color","http://www.w3.org/wiki/CSS/Properties/color"
"scss/help/nav__button_color","http://www.w3.org/wiki/CSS/Properties/color"
"scss/help/nav__button_font",""
"scss/help/nav__button_font-size","http://www.w3.org/wiki/CSS/Properties/font-size"
"scss/help/nav__button_font-weight","http://www.w3.org/wiki/CSS/Properties/font-size"
"scss/help/nav__button_text-transform","http://www.w3.org/wiki/CSS/Properties/text-transform"
"scss/help/nav--primary__level0-link_color","http://www.w3.org/wiki/CSS/Properties/color"
"scss/help/nav--primary__level0-link_font",""
"scss/help/nav--primary__level0-link_font-size","http://www.w3.org/wiki/CSS/Properties/font-size"
"scss/help/nav--primary__level0-link_font-weight","http://www.w3.org/wiki/CSS/Properties/font-weight"
"scss/help/nav--primary__level0-link_line-height","http://www.w3.org/wiki/CSS/Properties/line-height"
"scss/help/nav--primary__level0-link_padding","http://www.w3.org/wiki/CSS/Properties/padding"
"scss/help/nav--primary__level0-link_padding-right","http://www.w3.org/wiki/CSS/Properties/padding-right"
"scss/help/nav--primary__level0-link_padding-top","http://www.w3.org/wiki/CSS/Properties/padding-top"
"scss/help/nav--primary__level0-link_text-transform","http://www.w3.org/wiki/CSS/Properties/text-transform"
"scss/help/nav--primary__level0-link--hover_color","http://www.w3.org/wiki/CSS/Properties/color"
"scss/help/nav--primary__level0-list_padding-global","http://www.w3.org/wiki/CSS/Properties/padding-top"
"scss/help/nav--primary__level0-list-separator_color","http://www.w3.org/wiki/CSS/Properties/color"
"scss/help/nav--primary__level1-link_font",""
"scss/help/nav--primary__level1-link_font-size","http://www.w3.org/wiki/CSS/Properties/font-size"
"scss/help/nav--primary__level1-link_font-weight","http://www.w3.org/wiki/CSS/Properties/font-weight"
"scss/help/nav--primary__level1-link_line-height","http://www.w3.org/wiki/CSS/Properties/line-height"
"scss/help/nav--primary__level1-link_text-transform","http://www.w3.org/wiki/CSS/Properties/text-transform"
"scss/help/nav--primary__level2_background-color","http://www.w3.org/wiki/CSS/Properties/color"
"scss/help/nav--primary__level2-link_color","http://www.w3.org/wiki/CSS/Properties/color"
"scss/help/nav--primary__level2-link_font",""
"scss/help/nav--primary__level2-link_font-size","http://www.w3.org/wiki/CSS/Properties/font-size"
"scss/help/nav--primary__level2-link_font-weight","http://www.w3.org/wiki/CSS/Properties/font-weight"
"scss/help/nav--primary__level2-link_padding","http://www.w3.org/wiki/CSS/Properties/padding"
"scss/help/nav--primary__level2-link_padding-right","http://www.w3.org/wiki/CSS/Properties/padding-right"
"scss/help/nav--primary__level2-link_padding-top","http://www.w3.org/wiki/CSS/Properties/padding-top"
"scss/help/nav--primary__level2-link_text-transform","http://www.w3.org/wiki/CSS/Properties/text-transform"
"scss/help/nav--primary__level3_background-color","http://www.w3.org/wiki/CSS/Properties/color"
"scss/help/nav--primary__level3-link_color","http://www.w3.org/wiki/CSS/Properties/color"
"scss/help/nav--primary__level3-link_font",""
"scss/help/nav--primary__level3-link_font-size","http://www.w3.org/wiki/CSS/Properties/font-size"
"scss/help/nav--primary__level3-link_font-weight","http://www.w3.org/wiki/CSS/Properties/font-weight"
"scss/help/nav--primary__level3-link_padding","http://www.w3.org/wiki/CSS/Properties/padding"
"scss/help/nav--primary__level3-link_padding-right","http://www.w3.org/wiki/CSS/Properties/padding-right"
"scss/help/nav--primary__level3-link_padding-top","http://www.w3.org/wiki/CSS/Properties/padding-top"
"scss/help/nav--primary__level3-link_text-transform","http://www.w3.org/wiki/CSS/Properties/text-transform"
"scss/help/nav--primary__level4_background-color","http://www.w3.org/wiki/CSS/Properties/color"
"scss/help/nav--primary__level4-link_color","http://www.w3.org/wiki/CSS/Properties/color"
"scss/help/nav--primary__level4-link_font",""
"scss/help/nav--primary__level4-link_font-size","http://www.w3.org/wiki/CSS/Properties/font-size"
"scss/help/nav--primary__level4-link_font-weight","http://www.w3.org/wiki/CSS/Properties/font-weight"
"scss/help/nav--primary__level4-link_padding","http://www.w3.org/wiki/CSS/Properties/padding"
"scss/help/nav--primary__level4-link_padding-right","http://www.w3.org/wiki/CSS/Properties/padding-right"
"scss/help/nav--primary__level4-link_padding-top","http://www.w3.org/wiki/CSS/Properties/padding-top"
"scss/help/nav--primary__level4-link_text-transform","http://www.w3.org/wiki/CSS/Properties/text-transform"
"scss/help/nav--primary__submenu_background-color","http://www.w3.org/wiki/CSS/Properties/color"
"scss/help/nav--primary__submenu_color","http://www.w3.org/wiki/CSS/Properties/color"
"scss/help/nav--primary__ul-level0-link_padding","http://www.w3.org/wiki/CSS/Properties/padding"
"scss/help/nav--primary_background-color","http://www.w3.org/wiki/CSS/Properties/color"
"scss/help/page_background-color","http://www.w3.org/wiki/CSS/Properties/color"
"scss/help/page_color","http://www.w3.org/wiki/CSS/Properties/color"
"scss/help/page_size",""
"scss/help/page-container_background-color","http://www.w3.org/wiki/CSS/Properties/color"
"scss/help/page-footer__link--hover_color","http://www.w3.org/wiki/CSS/Properties/color"
"scss/help/page-footer__marketing-box--newsletter_color","http://www.w3.org/wiki/CSS/Properties/color"
"scss/help/page-footer__marketing-box--shipping_color","http://www.w3.org/wiki/CSS/Properties/color"
"scss/help/page-footer__marketing-box--support_color","http://www.w3.org/wiki/CSS/Properties/color"
"scss/help/page-footer_background-color","http://www.w3.org/wiki/CSS/Properties/color"
"scss/help/page-footer_color","http://www.w3.org/wiki/CSS/Properties/color"
"scss/help/page-footer_link-color","http://www.w3.org/wiki/CSS/Properties/color"
"scss/help/page-header_background-color","http://www.w3.org/wiki/CSS/Properties/color"
"scss/help/page-header_color","http://www.w3.org/wiki/CSS/Properties/color"
"scss/help/page-header_link_color","http://www.w3.org/wiki/CSS/Properties/color"
"scss/help/page-main_background-color","http://www.w3.org/wiki/CSS/Properties/color"
"scss/help/page-main_color","http://www.w3.org/wiki/CSS/Properties/color"
"scss/help/page-subtitle_color","http://www.w3.org/wiki/CSS/Properties/color"
"scss/help/page-subtitle_font",""
"scss/help/page-subtitle_font-size","http://www.w3.org/wiki/CSS/Properties/font-size"
"scss/help/page-title_color","http://www.w3.org/wiki/CSS/Properties/color"
"scss/help/page-title_font",""
"scss/help/page-title_font-size","http://www.w3.org/wiki/CSS/Properties/font-size"
"scss/help/preloader__cicle-1_stroke","http://www.w3.org/wiki/CSS/Properties/color"
"scss/help/preloader__cicle-2_stroke","http://www.w3.org/wiki/CSS/Properties/color"
"scss/help/product_price_font",""
"scss/help/product_price_list_font",""
"scss/help/product_title_font",""
"scss/help/product-category__title_color","http://www.w3.org/wiki/CSS/Properties/color"
"scss/help/product-category__title_font",""
"scss/help/product-category__title_font-family","http://www.w3.org/wiki/CSS/Properties/font-family"
"scss/help/product-category__title_font-size","http://www.w3.org/wiki/CSS/Properties/font-size"
"scss/help/product-category__title_font-style","http://www.w3.org/wiki/CSS/Properties/font-size"
"scss/help/product-category__title_font-weight","http://www.w3.org/wiki/CSS/Properties/font-size"
"scss/help/product-compare__item__product-image_background-color","http://www.w3.org/wiki/CSS/Properties/color"
"scss/help/product-view__add-to-cart__button_background-color","http://www.w3.org/wiki/CSS/Properties/color"
"scss/help/product-view__add-to-cart__button_color","http://www.w3.org/wiki/CSS/Properties/color"
"scss/help/product-view__add-to-cart__button_font",""
"scss/help/product-view__add-to-cart__button_font-size","http://www.w3.org/wiki/CSS/Properties/font-size"
"scss/help/product-view__add-to-cart__button_font-weight","http://www.w3.org/wiki/CSS/Properties/font-size"
"scss/help/product-view__add-to-cart__button_text-transform","http://www.w3.org/wiki/CSS/Properties/text-transform"
"scss/help/product-view__add-to-cart__input_display","http://www.w3.org/wiki/CSS/Properties/display"
"scss/help/product-view__availability__font-size","http://www.w3.org/wiki/CSS/Properties/font-size"
"scss/help/product-view__availability__font-weight","http://www.w3.org/wiki/CSS/Properties/font-weight"
"scss/help/product-view__availability__in-stock_color","http://www.w3.org/wiki/CSS/Properties/color"
"scss/help/product-view__availability__out-of-stock_color","http://www.w3.org/wiki/CSS/Properties/color"
"scss/help/product-view__availability_display","http://www.w3.org/wiki/CSS/Properties/display"
"scss/help/product-view__availability_font",""
"scss/help/product-view__availability_text-transform","http://www.w3.org/wiki/CSS/Properties/text-transform"
"scss/help/product-view__price_color","http://www.w3.org/wiki/CSS/Properties/color"
"scss/help/product-view__price_font-family","http://www.w3.org/wiki/CSS/Properties/font-family"
"scss/help/product-view__price_font-size","http://www.w3.org/wiki/CSS/Properties/font-size"
"scss/help/product-view__price_font-style","http://www.w3.org/wiki/CSS/Properties/font-style"
"scss/help/product-view__price_font-weight","http://www.w3.org/wiki/CSS/Properties/font-size"
"scss/help/product-view__price_line-height","http://www.w3.org/wiki/CSS/Properties/line-height"
"scss/help/product-view__product-collateral__list__item_color","http://www.w3.org/wiki/CSS/Properties/color"
"scss/help/product-view__product-collateral__list__item-active_background-color","http://www.w3.org/wiki/CSS/Properties/color"
"scss/help/product-view__product-collateral__list__item-active_color","http://www.w3.org/wiki/CSS/Properties/color"
"scss/help/product-view__product-image_background-color","http://www.w3.org/wiki/CSS/Properties/color"
"scss/help/product-view__product-name_color","http://www.w3.org/wiki/CSS/Properties/color"
"scss/help/product-view__product-name_font-family","http://www.w3.org/wiki/CSS/Properties/font-family"
"scss/help/product-view__product-name_font-size","http://www.w3.org/wiki/CSS/Properties/font-size"
"scss/help/product-view__product-name_font-style","http://www.w3.org/wiki/CSS/Properties/font-style"
"scss/help/product-view__product-name_font-weight","http://www.w3.org/wiki/CSS/Properties/font-size"
"scss/help/product-view__product-name_line-height","http://www.w3.org/wiki/CSS/Properties/line-height"
"scss/help/product-view__product-name_text-transform","http://www.w3.org/wiki/CSS/Properties/text-transform"
"scss/help/product-view__product-options__required_color","http://www.w3.org/wiki/CSS/Properties/color"
"scss/help/product-view__product-options__required_font",""
"scss/help/product-view__product-options__required_font-size","http://www.w3.org/wiki/CSS/Properties/font-size"
"scss/help/product-view__product-options__required_text-transform","http://www.w3.org/wiki/CSS/Properties/text-transform"
"scss/help/product-view__product-shop__breadcrumbs_display","http://www.w3.org/wiki/CSS/Properties/display"
"scss/help/product-view__sku_display","http://www.w3.org/wiki/CSS/Properties/display"
"scss/help/products-grid__item__characteristics_color","http://www.w3.org/wiki/CSS/Properties/color"
"scss/help/products-grid__item__price_color","http://www.w3.org/wiki/CSS/Properties/color"
"scss/help/products-grid__item__price_font-family","http://www.w3.org/wiki/CSS/Properties/font-family"
"scss/help/products-grid__item__price_font-size","http://www.w3.org/wiki/CSS/Properties/font-size"
"scss/help/products-grid__item__price_font-style","http://www.w3.org/wiki/CSS/Properties/font-style"
"scss/help/products-grid__item__price_font-weight","http://www.w3.org/wiki/CSS/Properties/font-weight"
"scss/help/products-grid__item__price_line-height","http://www.w3.org/wiki/CSS/Properties/line-height"
"scss/help/products-grid__item__product-box_text-align","http://www.w3.org/wiki/CSS/Properties/text-align"
"scss/help/products-grid__item__product-name_color","http://www.w3.org/wiki/CSS/Properties/color"
"scss/help/products-grid__item__product-name_font",""
"scss/help/products-grid__item__product-name_font-family","http://www.w3.org/wiki/CSS/Properties/font-family"
"scss/help/products-grid__item__product-name_font-size","http://www.w3.org/wiki/CSS/Properties/font-size"
"scss/help/products-grid__item__product-name_font-style","http://www.w3.org/wiki/CSS/Properties/font-style"
"scss/help/products-grid__item__product-name_font-weight","http://www.w3.org/wiki/CSS/Properties/font-weight"
"scss/help/products-grid__item__product-name_line-height","http://www.w3.org/wiki/CSS/Properties/line-height"
"scss/help/products-grid__item__product-name_text-transform","http://www.w3.org/wiki/CSS/Properties/text-transform"
"scss/help/products-grid__item__tax-details_display","http://www.w3.org/wiki/CSS/Properties/display"
"scss/help/products-grid__item-inner_background-color","http://www.w3.org/wiki/CSS/Properties/color"
"scss/help/products-list__item__actions_margin","http://www.w3.org/wiki/CSS/Properties/margin"
"scss/help/products-list__item__actions_margin-top","http://www.w3.org/wiki/CSS/Properties/margin-top"
"scss/help/products-list__item__price_margin","http://www.w3.org/wiki/CSS/Properties/margin"
"scss/help/products-list__item__price_margin-bottom","http://www.w3.org/wiki/CSS/Properties/margin-bottom"
"scss/help/products-list__item__product-box_text-align","http://www.w3.org/wiki/CSS/Properties/text-align"
"scss/help/products-list__item__product-image_background-color","http://www.w3.org/wiki/CSS/Properties/color"
"scss/help/products-list__item__product-name_margin","http://www.w3.org/wiki/CSS/Properties/margin"
"scss/help/products-list__item__product-name_margin-bottom","http://www.w3.org/wiki/CSS/Properties/margin-bottom"
"scss/help/products-list__product-box_text-align","http://www.w3.org/wiki/CSS/Properties/text-align"
"scss/help/input-text_border",""
"scss/help/input-text_border-color","http://www.w3.org/wiki/CSS/Properties/border-color"
"scss/help/input-text_background-color","http://www.w3.org/wiki/CSS/Properties/text-align"
"scss/fieldset/actions_list_mode","Acţiuni (mod listă)"
"scss/fieldset/add_to_cart_button","Buton ""Adăugare în coş"""
"scss/fieldset/add_to_cart_quantity","Cantitate de adăugat în coş"
"scss/fieldset/aside_block_title","Titlu bloc lateral"
"scss/fieldset/availability","Disponibilitate"
"scss/fieldset/badges","Etichete"
"scss/fieldset/breadcrumbs","Cale pagină"
"scss/fieldset/button_checkout","Buton finalizare comandă"
"scss/fieldset/button_discount","Buton reducere"
"scss/fieldset/buttons","Butone"
"scss/fieldset/characteristics","Caracteristici"
"scss/fieldset/characteristics_eg_label_sku","Caracteristici (ex: etichetă, SKU)"
"scss/fieldset/characteristics_eg_label_sku_tax","Caracteristici (ex: etichetă, SKU, taxe)"
"scss/fieldset/colors","Culori"
"scss/fieldset/compare","Comparare"
"scss/fieldset/fonts","Fonturi"
"scss/fieldset/general","General"
"scss/fieldset/header_links","Link-uri header"
"scss/fieldset/header_mini_cart","Mini-Coş din header"
"scss/fieldset/headlines","Titluri"
"scss/fieldset/image","Imagine"
"scss/fieldset/inputs","Input-uri"
"scss/fieldset/item","Articol"
"scss/fieldset/layered-nav","Navigație stratificată"
"scss/fieldset/main_content","Conţinut principal"
"scss/fieldset/marketing_footer","Footer Marketing"
"scss/fieldset/messages","Mesaje"
"scss/fieldset/navigation","Meniu"
"scss/fieldset/navigation_button","Buton meniu"
"scss/fieldset/navigation_fifth_level","Meniu nivel 5"
"scss/fieldset/navigation_first_level","Meniu nivel 1"
"scss/fieldset/navigation_fourth_level","Meniu nivel 4"
"scss/fieldset/navigation_second_level","Meniu nivel 2"
"scss/fieldset/navigation_third_level","Meniu nivel 3"
"scss/fieldset/page","Pagină"
"scss/fieldset/page_title","Titlu pagină"
"scss/fieldset/preloader","Animaţie încărcare pagină"
"scss/fieldset/price","Preţ"
"scss/fieldset/price_list_mode","Preţ (mod listă)"
"scss/fieldset/product_image","Imagine produs"
"scss/fieldset/product_options_eg_article_size_color","Opţiuni produs (ex: mărime articol, culoare)"
"scss/fieldset/product_price","Preţ produs"
"scss/fieldset/product_title","Titlu produs"
"scss/fieldset/product_title_list_mode","Titlu produs (mod listă)"
"scss/fieldset/progress_title","Titlu progres"
"scss/fieldset/step_radio_buttons","Butoane radio din paşi comandă"
"scss/fieldset/step_buttons","Butoane din paşi comandă"
"scss/title/checkout-onepage__buttons_radio_background-color","Culoare fundal"
"scss/title/checkout-onepage__buttons_radio_color","Culoare text"
"scss/title/checkout-onepage__radio_buttons_border","Grosime Border"
"scss/title/checkout-onepage__buttons_radio_border-color","Culoare Border"
"scss/title/checkout-onepage__buttons_radio_border-active-color","Culoare Border buton activ/hover"
"scss/title/checkout-onepage__radio_buttons_font","Font"
"scss/fieldset/step_title","Titlu paşi comandă"
"scss/fieldset/tables","Tabele"
"scss/fieldset/tabs","Taburi"
"scss/fieldset/title","Titlu"
"scss/fieldset/totals","Total"
"scss/fieldset/wishlist_compare_links","Link-uri Listă de dorinţe / Comparare"
"scss/fieldset/inputs","Input-uri"
"scss/tab/cart","Coş"
"scss/tab/category_page_search_results","Pagină categorie & rezultate căutare"
"scss/tab/checkout","Finalizare comandă"
"scss/tab/footer","Footer"
"scss/tab/general","General"
"scss/tab/header","Header"
"scss/tab/modules","Module"
"scss/tab/my_account","Contul meu"
"scss/tab/product_details","Detalii produs"
"scss/fieldset/step_forms","Formulare din paşi comandă"
"scss/title/checkout-onepage__form_border","Border formular"
"scss/title/checkout-onepage__form_border-color","Culoare border formular"
"scss/title/checkout-onepage__form_background-color","Culoare fundal formular"
"scss/title/checkout-onepage__form_label-color","Culoarea Etichetă"
"scss/title/checkout-onepage__form_label_font","Font Etichetă"
"scss/title/checkout-onepage__form_input-color","Culoarea input-uri"
"scss/title/checkout-onepage__form_input_border","Border input-uri"
"scss/title/checkout-onepage__form_input_border-color","Culoare border input-uri"
"scss/title/checkout-onepage__form_input_font","Font input-uri"
"scss/title/checkout-onepage__progress-complete-title_color","Culoare text titlu activ"
"scss/title/checkout-onepage__progress-title_border","Grosime Border"
"scss/title/checkout-onepage__progress-title_border-color","Culoare Border"
"scss/title/checkout-onepage__progress-complete-title_border-color","Culoare border titlu activ"
"scss/fieldset/register_title","Titlu pagină Înregistrare/Logare"
"scss/title/register__block-content__title_color","Culoare"
"scss/title/register__block-content__title_font","Font"
"scss/fieldset/register_form","Formular pagina Înregistrare/Logare"
"scss/title/register__block-content__form_background-color","Culoare fundal formular"
"scss/title/register__block-content__form_border","Border formular"
"scss/title/register__block-content__form_border-color","Culoare border formular"
"scss/title/register__block-content__form_label-color","Culoare Label"
"scss/title/register__block-content__form_label_font","Font Label"
"scss/title/register__block-content__form_input-color","Culoare Input-uri"
"scss/title/register__block-content__form_input_border","Border Input-uri"
"scss/title/register__block-content__form_input_border-color","Culoare border Input-uri"
"scss/title/register__block-content__form_input_font","Font Input-uri"
"scss/title/register__block-content__form_button-background-color","Culoare fundal buton"
"scss/title/register__block-content__form_button-color","Culoare buton"
"scss/title/register__block-content__form_button-font","Font buton"
"scss/fieldset/sidebar_navigation","Meniu lateral contul meu"
"scss/fieldset/my_account_content","Continut principal contul meu"
"scss/title/account__block-content_border-color","Culoare border"
"scss/title/account__block-content__title_background-color","Culoare de fundal titlu"
"scss/title/account__block-content__title-color","Culoare titlu"
"scss/title/account__block-content__title-font","Font titlu"
"scss/title/account__block-content__list-font","Font link-uri meniu"
"scss/title/account__block-content__subtitle-color","Culoare subtitlu"
"scss/title/account__block-content__subtitle-font","Font subtitlu"
"scss/title/account__block-content__panel_title-color","Culoare titlu panou"
"scss/title/account__block-content__panel_title-font","Font titlu panou"
"scss/title/account__block-content__text-color","Culoare text"
"scss/title/account__block-content__text-font","Font text"
"scss/title/account__block-content__button-color","Culoare buton"
"scss/title/account__block-content__button-font","Font buton"
"scss/title/account__block-content__sidebar_title-color","Culoare titlu"
"scss/title/account__block-content_button_border-color","Culoare border buton"
"layout/title/product_view_tabs_orientation","Orientare Taburi"
"layout/options/product_view_tabs_orientation/1","Orizontal"
"layout/options/product_view_tabs_orientation/2","Vertical"
"scss/title/empty_cart-title-color","Culoare titlu cos gol"
"scss/title/empty_cart-title-font","Font Titlu cos gol"
"scss/title/empty_cart-button-color","Culoare buton cos gol"
"scss/title/empty_cart-button-background-color","Culoare fundal buton cos gol"
"scss/title/empty_cart-button-hover-color","Culoare actiune buton cos gol"
"scss/title/empty_cart-button-hover-background-color","Culoare fundal actiune buton cos gol"
"scss/title/empty_cart-button-font","Font buton cos gol"
"scss/fieldset/empty_cart","Cos gol"
"layout/title/checkout_view_new_layout","Incarcare layout nou pentru finalizare comanda"
"layout/tab/my_account","Contul meu"
"layout/title/my_account_register_new_layout","Incarcare layout nou pentru pagina de inregistrare"
"layout/title/my_account_login_new_layout","Incarcare layout nou pentru pagina de logare"
"scss/title/product-view__product-collateral-group-name_background-color","Culoare fundal Grup Atribute"
"scss/title/product-view__product-collateral-group-name_color","Culoare Grup Attribute"
"scss/title/product-view__product-collateral-group-name_font","Font Grup Atribute"
"layout/title/my_account_customer_new_layout","Incarcare layout nou pentru sectiunea contul meu"
"scss/title/mini-cart-button-view-color","Culoare buton vezi cos"
"scss/title/mini-cart-button-view_background-color","Culoare fundal buton vezi cos"
"scss/title/mini-cart-button-proceed-color","Culoare buton finalizeaza comanda"
"scss/title/mini-cart-button-proceed_background-color","Culoare fundal buton finalizeaza comanda"
"scss/title/mini-cart-button__border","Border butoane mini cart"
"scss/title/mini-cart-button-view__border-color","Culoare border buton vezi cos"
"scss/title/mini-cart-button-proceed__border-color","Culoare border buton finalizeaza comanda"
"scss/title/mini-cart-button_font","Font butoane mini cart"
"scss/fieldset/shopping_cart_table","Butoane tabel cos cumparaturi"
"scss/title/shopping-cart-table-button-empty-color","Culoare buton golire cos"
"scss/title/shopping-cart-table-button-empty_background-color","Culoare fundal buton golire cos"
"scss/title/shopping-cart-table-button-update-color","Culoare buton actualizare cos"
"scss/title/shopping-cart-table-button-update_background-color","Culoare fundal buton actualizare cos"
"scss/title/shopping-cart-table-button_border","Border butoane tabel cos cumparaturi"
"scss/title/shopping-cart-table-button-empty_border-color","Culoare border buton golire cos"
"scss/title/shopping-cart-table-button-update_border-color","Culoare border butin actualizare cos"
"scss/title/shopping-cart-table-button_font","Font butoane tabel cos cumparaturi"
"scss/title/button-action_border","Border"
"scss/title/button-action_border-color","Culoare Border"
"scss/title/button-action_hover_border-color","Culoare Border la acţiune"
"scss/title/button-action_font","Font"
"scss/title/cart__btn-checkout_hover_background-color","Culoare fundal la acţiune"
"scss/title/cart__btn-checkout_hover_color","Culoare buton la acţiune"
"scss/title/cart__btn-checkout_border","Border buton"
"scss/title/cart__btn-checkout_border-color","Culoare border buton"
"scss/title/cart__btn-checkout_hover_border-color","Culoare border buton la acţiune"
"scss/title/cart__btn-checkout_font","Font buton"